Name,City,Address
Винарска Визба Тиквеш,dsadsadsa,"Кавадарци 29-ти Ноември 5"
Винарија Попов,Кавадарци,"Кавадарци Гоце Делчев
Тристо Винари,Велес,"Велес с.Сујаклари"
Винарска Визба Тиквеш - дирекција,Скопје,"Скопје ул.812 2"
Винарија Охрид,Охрид,"Охрид Железничка б.б."
Стоби Винарија,Велес,"Велес Автопат
Филовски винарија - Дирекција,Скопје,"Скопје 11-ти Октомври 23-а-1/1"
Лазар Винарија,Велес,"Велес Археолошки Локалитет Стоби Градско"
Кралска Винарија-Кралица Марија,Демир Капија,"Демир Капија Маршал Тито 63"
Борд лајф винари,Скопје,"Скопје с.Кучково"
Винарија Илиев,Кавадарци,"Кавадарци с.Сопот"
Винарија Кимов,Неготино,"Неготино Индустриска б.б."
Семејна Винарија Захарчев,Кавадарци,"Кавадарци Косовска 16"
Дивино Винарија,Скопје,"Скопје бул.Македонска Косовска бригада 30-б"
Винарија Томов,Неготино,"Неготино с.Тимјаник"
Винарска Визба Тиквеш-Продавница Центар,Скопје,"Скопје Томе Пуре 2"
Иванов Винарија,Кавадарци,"Кавадарци Игман 11"
Арабеска винарија,Кавадарци,"Кавадарци с.Сопот"
Винар,Скопје,"Скопје Сремски Фронт 31"
Манастирска винарија,Охрид,"Охрид с.Опеница"
Бади Винарија,Кавадарци,"Кавадарци Пере Тошев 3"
Дизајн Центар Инженеринг-Винарија Грков,Кавадарци,"Кавадарци Народна Младина 3"
Винарија-Дестилерија Кабранов,Неготино,"Неготино Вељко Влаховиќ 23"
Винарија Брзанов,Скопје,"Скопје Ѓорче Петров 4"
Винарис,Кавадарци,"Кавадарци Лазо Мицев 38"
Винарска визба Лозар,Битола,"Битола 8-ми Септември (Владимир Назор)с.Горно Оризари 2-Б"
Винова винари,Неготино,"Неготино Никола Карев 87"
Винар Консалтинг,Кавадарци,"Кавадарци Љубашка 5"
Лозница - Национална кафана и винарија,Скопје,"Скопје М.Т.Гологанов 42"
Паруни,Тетово,"Тетово с.Копанце"
Сковин - дирекција,Скопје,"Скопје 15-ти Корпус 3"
Риго-импекс,Скопје,"Скопје Наум Наумовски Борче 40"
Струмичко поле,Струмица,"Струмица с.Василево"
Имако Вино,Штип,"Штип 6-ти Километар б.б."
Гемакс,Скопје,"Скопје Лондонска б.б.мезанин лок.25"
Бовин,Неготино,"Неготино Индустриска б.б."
Венец,Неготино,"Неготино с.Долни Дисан"
Дудин,Неготино,"Неготино Ацо Аџи Илов б.б."
Аневски винерија,Штип,"Штип Железничка 39"
Пеца Комерц,Кавадарци,"Кавадарци Западен булевар 13"
Пивка,Неготино,"Неготино Индустриска б.б."
Гоце Делчев-Тиквеш,Кавадарци,"Кавадарци с.Возарци"
Ерос трејд,Кавадарци,"Кавадарци с.Марена"
Попова Кула,Демир Капија,"Демир Капија Булевар на виното 1"
ММ Инвестмент - Лозар,Велес,"Велес Академик Пенчо Давчев (Скопски Пат) 130"
Кокино вино,Куманово,"Куманово Козјачка
Картал,Скопје,"Скопје ул.1519 7"
Таком Груп,Скопје,"Скопје бул.Јане Сандански 7-1-1/11"
Попова кула,Скопје,"Скопје Даме Груев 5-7/1"
Визба Валандово,Валандово,"Валандово Никола Карев 6"
Далвина,Скопје,"Скопје Франклин Рузвелт 22"
Пирган,Прилеп,"Прилеп Орде Чопела 173"
Имако Вино,Битола,"Битола Железничка б.б."
Имако Вино,Скопје,"Скопје Перо Наков б.б."
Езимит,Штип,"Штип Брегалничка 64"
Далвина,Струмица,"Струмица с.Хамзали"
Риго импекс,Гевгелија,"Гевгелија Гоце Делчев
Езимит,Штип,"Штип Маршал Тито
Шато сопот,Велес,"Велес с.Сопот"
ВВМ ГД Тиквеш,Кавадарци,"Кавадарци Шишка 2"
Агрониколов,Велес,"Велес 4-ти Јули 1"
Изворно,Велес,"Велес Никола Оровчанец 1"
Кувин,Скопје,"Скопје Македонска Преродба 70"
Бујук,Кавадарци,"Кавадарци с.Дабниште"
Ангелови,Кавадарци,"Кавадарци Македонија 6.6."
Дестилерија Китвин,Кавадарци,"Кавадарци Вељко Влаховиќ 2-2/6"
Зик Градиште,Куманово,"Куманово с.Градиште"
Лазар,Велес,"Велес Автопат Велес-Гевгелија"
Далвина,Струмица,"Струмица с.Хамзали Босилово 9"
Пешков,Кавадарци,"Кавадарци с.Ресава"
Антигона Парк,Скопје,"Скопје ул.516 бр.6"
Парагон урбан вајнери,Скопје,"Скопјe Борис Трајковски (Првомајска) 62"
Олд Скул Винери,Велес,"Велес Велешко езеро"
Коцев Фемили Вајн,Велес,"Велес с.Оморани"
Вински подрум Попови,Кавадарци,"Кавадарци Сремски Фронт 18"
Донов,Кавадарци,"Кавадарци Лазо Асијата 6"
Максимилијан,Неготино,"Неготино с.Пепелиште"
Јостела,Гевгелија,"Гевгелија Моински пат 154"
Сарика,Прилеп,"Прилеп Мирче Ацев 128"
Вин арт,Скопје,"Скопје Петар Поп Арсов 13-а/1"
Воденица,Скопје,"Скопје М.Т.Гологанов (Иво Лола Рибар) 69"
Камник,Скопје,"Скопје Камник б.б."
Камник вино,Скопје,"Скопје Димитија Чуповски (Вељко Влаховиќ) 13"
Вила Мал Свети Климент,Охрид,"Охрид Методија Патчев 8"
Сарафов,Струга,"Струга 1-ва Македонска ударна бригада 1"
Библиотека,Скопје,"Скопје бул.Партизански Одреди 55/5"
Етно Караула,Кочани,"Кочани Пониква"
Буре,Битола,"Битола Широк Сокак (Маршал Тито) 88"
Панорама,Струмица,"Струмица с.Мокрино"
Вила Дојрана,Дојран,"Дојран Партизанска 41"
КМС Малерич,Кавадарци,"Кавадарци с.Марена"
Виноро-Алкотека,Скопје,"Скопје бул.Св.Климент Охридски 54"
Боттега дел вино,Скопје,"Скопје бул.Партизански Одреди 64/3-б"
Сковин,Битола,"Битола Широк Сокак (Маршал Тито) 79-а"
www.wine.mk,Скопје,"Скопје Камник б.б."
Вардарска долина,Неготино,"Неготино с.Курија"
Литл бокс,Скопје,"Скопје Градски парк б.б."
Мовино,Кавадарци,"Кавадарци Рибарци 1-б"
Ресторан Тиквеш,Кавадарци,"Кавадарци 29-ти Ноември 5"
Рикомо,Штип,"Штип К.Ј.Питу 23"
Антигона,Неготино,"Неготино Железничка б.б."
Пуклавец пријатели,Неготино,"Неготино с.Долни Дисан"
ГД-Тиквеш,Кавадарци,"Кавадарци Шишка 2"
Интер лукс трејд,Скопје,"Скопје Анкарска 29-а лок.3"
Чифлик,Битола,"Битола с.Брусник 2/17"
Фајн вајн,Скопје,"Скопје Луј Пастер 5"
Ено Бар,Скопје,"Скопје бул.Илинден 160 лок.7"
Винум,Скопје,"Скопје Јадранска магистрала (Качанички пат)
Патче,Охрид,"Охрид Цар Самоил 60"
Де Ферментио,Делчево,"Делчево Методија Митевски-Брицо 22"
Шато Камник,Скопје,"Скопје Камник б.б."
Ростфреи Мајор Инокс,Битола,"Битола Довлеџик б.б.
Тинг,Кочани,"Кочани ул.566 17"
Ан-би-та,Охрид,"Охрид Железничка 117"
Кристи,Охрид,"Охрид Железничка 139/2"
МГ Компани,Кавадарци,"Кавадарци Западен булевар б.б."
Кодкордиа,Скопје,"Скопје Товарник 1/28"
Агротехника Исток,Штип,"Штип Железничка 39"
Партизан-Спортска Сала,Кавадарци,"Кавадарци 7-ми Септември б.б."
Темка Трејд,Кавадарци,"Кавадарци Игман 23/4"
